RecommendationID,Recommendation,Area,Priority
1,Use demographic enrollment patterns to identify groups requiring stronger digital-learning outreach.,Inclusive Education,High
2,"Maintain a balanced course portfolio across beginner, intermediate and advanced levels.",Curriculum Planning,High
3,Review high-demand course categories when planning new educational content.,Course Development,High
4,Use age-specific course preference patterns to improve educational program planning.,Learner Segmentation,High
5,Monitor gender participation and gender-specific course preferences for potential participation gaps.,Gender Equity,High
6,Use temporal enrollment patterns to plan awareness campaigns and learning initiatives.,Education Planning,Medium
7,Monitor learner engagement segments to understand differences between low- and high-activity learners.,Learner Engagement,High
8,Avoid relying only on popular courses; evaluate whether less-enrolled courses serve important educational needs.,Portfolio Planning,Medium
9,Combine enrollment data with learning outcomes before making high-stakes education-policy decisions.,Evidence-Based Policy,High
10,"Integrate socioeconomic, geographic, accessibility and employment data in future research.",Future Data Integration,High
