UserID,UniqueCategories,TotalEnrollments
U00001,1,1
U00002,1,1
U00003,7,11
U00004,8,13
U00005,2,2
U00006,1,1
U00007,1,1
U00008,1,1
U00009,1,1
U00010,2,2
U00011,2,2
U00012,2,2
U00013,8,14
U00014,1,1
U00015,10,14
U00016,1,1
U00017,3,3
U00018,9,16
U00019,1,1
U00020,1,1
U00021,2,2
U00022,1,1
U00023,1,1
U00024,1,1
U00025,4,4
U00026,1,1
U00027,2,2
U00028,9,12
U00029,1,1
U00030,1,1
U00031,1,1
U00032,1,1
U00033,1,1
U00034,2,2
U00035,1,1
U00036,1,1
U00037,2,2
U00038,1,1
U00039,1,1
U00040,1,1
U00041,2,2
U00042,1,1
U00043,1,1
U00044,1,1
U00045,9,14
U00046,2,2
U00047,1,1
U00048,9,13
U00049,1,1
U00050,1,1
U00051,1,1
U00052,1,1
U00053,1,1
U00054,1,1
U00055,9,16
U00056,2,2
U00057,1,1
U00058,1,1
U00059,1,1
U00060,3,4
U00061,1,1
U00062,1,1
U00063,2,2
U00064,1,1
U00065,1,1
U00066,1,1
U00067,1,1
U00068,1,1
U00069,2,2
U00070,2,2
U00071,8,14
U00072,1,1
U00073,1,1
U00074,2,3
U00075,1,1
U00076,4,4
U00077,1,1
U00078,1,1
U00079,1,1
U00080,1,1
U00081,1,1
U00082,1,1
U00083,9,15
U00084,1,1
U00085,7,13
U00086,4,4
U00087,3,3
U00088,1,1
U00089,1,1
U00090,1,1
U00091,1,1
U00092,4,4
U00093,1,1
U00094,1,1
U00095,1,1
U00096,3,4
U00097,2,2
U00098,1,1
U00099,1,1
U00100,1,1
U00101,1,1
U00102,1,1
U00103,1,1
U00104,1,1
U00105,1,1
U00106,2,2
U00107,1,1
U00108,2,2
U00109,10,14
U00110,1,1
U00111,1,1
U00112,9,14
U00113,1,1
U00114,1,1
U00115,1,1
U00116,1,1
U00117,9,13
U00118,1,1
U00119,1,1
U00120,2,2
U00121,2,2
U00122,2,2
U00123,2,2
U00124,2,2
U00125,2,2
U00126,7,14
U00127,3,3
U00128,8,13
U00129,2,2
U00130,1,1
U00131,1,1
U00132,1,1
U00133,9,14
U00134,8,14
U00135,1,1
U00136,1,1
U00137,2,2
U00138,2,2
U00139,4,4
U00140,2,2
U00141,1,1
U00142,1,1
U00143,2,2
U00144,7,13
U00145,1,1
U00146,1,1
U00147,9,12
U00148,1,1
U00149,8,10
U00150,2,2
U00151,1,1
U00152,9,12
U00153,2,2
U00154,1,1
U00155,2,2
U00156,1,1
U00157,2,2
U00158,1,1
U00159,2,2
U00160,1,1
U00161,7,11
U00162,1,1
U00163,1,1
U00164,1,2
U00165,4,4
U00166,9,15
U00167,1,1
U00168,1,1
U00169,11,13
U00170,3,3
U00171,1,2
U00172,1,1
U00173,10,14
U00174,1,1
U00175,2,2
U00176,1,1
U00177,9,14
U00178,10,14
U00179,2,2
U00180,1,1
U00181,1,1
U00182,1,1
U00183,1,1
U00184,1,1
U00185,1,1
U00186,2,2
U00187,1,1
U00188,1,1
U00189,1,1
U00190,1,1
U00191,8,12
U00192,9,14
U00193,1,1
U00194,1,1
U00195,1,1
U00196,1,1
U00197,1,1
U00198,7,12
U00199,1,1
U00200,3,4
U00201,3,3
U00202,1,1
U00203,2,2
U00204,1,1
U00205,1,1
U00206,1,1
U00207,2,2
U00208,10,15
U00209,1,1
U00210,2,2
U00211,1,1
U00212,2,2
U00213,2,2
U00214,1,1
U00215,1,1
U00216,10,16
U00217,1,1
U00218,1,1
U00219,1,1
U00220,11,15
U00221,1,1
U00222,1,1
U00223,1,1
U00224,1,1
U00225,1,1
U00226,1,1
U00227,2,2
U00228,1,1
U00229,2,2
U00230,2,2
U00231,2,2
U00232,1,1
U00233,1,1
U00234,2,2
U00235,2,3
U00236,1,1
U00237,1,1
U00238,10,15
U00239,1,1
U00240,2,2
U00241,2,2
U00242,2,2
U00243,1,1
U00244,1,1
U00245,1,1
U00246,1,1
U00247,1,1
U00248,1,1
U00249,1,1
U00250,1,1
U00251,9,13
U00252,1,1
U00253,1,1
U00254,1,1
U00255,1,1
U00256,1,1
U00257,1,1
U00258,1,1
U00259,1,1
U00260,9,15
U00261,1,1
U00262,1,1
U00263,4,4
U00264,3,3
U00265,9,14
U00266,1,1
U00267,3,4
U00268,1,1
U00269,1,1
U00270,1,1
U00271,1,1
U00272,8,13
U00273,1,1
U00274,2,2
U00275,1,1
U00276,1,1
U00277,1,1
U00278,1,1
U00279,3,3
U00280,1,1
U00281,1,1
U00282,9,14
U00283,2,2
U00284,1,1
U00285,1,1
U00286,2,3
U00287,2,2
U00288,1,1
U00289,1,1
U00290,3,3
U00291,3,3
U00292,8,12
U00293,9,13
U00294,1,1
U00295,1,1
U00296,2,2
U00297,1,1
U00298,7,14
U00299,1,1
U00300,2,2
U00301,9,14
U00302,1,1
U00303,7,14
U00304,1,1
U00305,1,1
U00306,1,1
U00307,1,1
U00308,4,4
U00309,1,1
U00310,8,11
U00311,1,1
U00312,1,1
U00313,1,1
U00314,2,3
U00315,9,12
U00316,2,2
U00317,3,3
U00318,1,1
U00319,1,1
U00320,1,1
U00321,8,14
U00322,7,14
U00323,8,15
U00324,1,1
U00325,1,1
U00326,1,1
U00327,3,4
U00328,8,15
U00329,8,12
U00330,8,14
U00331,1,1
U00332,1,1
U00333,1,1
U00334,9,13
U00335,1,1
U00336,1,1
U00337,1,1
U00338,8,14
U00339,10,16
U00340,8,14
U00341,1,1
U00342,1,1
U00343,1,1
U00344,1,1
U00345,9,15
U00346,3,3
U00347,2,2
U00348,1,1
U00349,1,1
U00350,2,2
U00351,8,13
U00352,10,15
U00353,10,14
U00354,1,2
U00355,1,1
U00356,10,15
U00357,10,15
U00358,1,1
U00359,1,1
U00360,1,1
U00361,1,1
U00362,8,13
U00363,1,1
U00364,1,1
U00365,7,13
U00366,2,2
U00367,1,1
U00368,1,1
U00369,4,4
U00370,2,2
U00371,1,1
U00372,1,1
U00373,1,1
U00374,1,1
U00375,1,1
U00376,1,1
U00377,1,1
U00378,2,2
U00379,8,14
U00380,1,1
U00381,1,1
U00382,3,3
U00383,10,15
U00384,2,2
U00385,1,1
U00386,2,2
U00387,1,1
U00388,1,1
U00389,1,1
U00390,2,3
U00391,1,1
U00392,1,1
U00393,1,1
U00394,7,11
U00395,1,1
U00396,2,2
U00397,1,1
U00398,3,3
U00399,8,12
U00400,2,2
U00401,2,2
U00402,2,2
U00403,1,1
U00404,10,14
U00405,1,2
U00406,11,15
U00407,10,15
U00408,1,1
U00409,2,2
U00410,1,1
U00411,8,12
U00412,3,4
U00413,2,2
U00414,1,1
U00415,7,13
U00416,2,2
U00417,2,2
U00418,3,3
U00419,1,1
U00420,1,1
U00421,1,1
U00422,3,3
U00423,6,12
U00424,7,11
U00425,1,1
U00426,3,4
U00427,9,16
U00428,1,1
U00429,1,1
U00430,1,1
U00431,1,1
U00432,1,1
U00433,1,1
U00434,1,1
U00435,1,1
U00436,1,1
U00437,3,3
U00438,10,14
U00439,1,1
U00440,1,1
U00441,1,1
U00442,1,1
U00443,2,2
U00444,10,13
U00445,1,1
U00446,2,2
U00447,1,1
U00448,2,3
U00449,10,14
U00450,7,12
U00451,1,1
U00452,3,3
U00453,1,1
U00454,3,4
U00455,3,3
U00456,2,2
U00457,2,2
U00458,4,4
U00459,1,1
U00460,2,2
U00461,2,2
U00462,2,2
U00463,1,1
U00464,7,12
U00465,1,1
U00466,2,2
U00467,1,1
U00468,1,1
U00469,2,2
U00470,1,1
U00471,1,1
U00472,1,1
U00473,3,3
U00474,1,1
U00475,3,3
U00476,2,2
U00477,1,1
U00478,2,2
U00479,2,2
U00480,1,1
U00481,1,1
U00482,1,1
U00483,1,1
U00484,2,2
U00485,1,1
U00486,2,2
U00487,1,2
U00488,2,2
U00489,3,3
U00490,1,1
U00491,1,1
U00492,1,1
U00493,1,1
U00494,10,13
U00495,2,2
U00496,1,1
U00497,2,3
U00498,3,3
U00499,1,1
U00500,2,2
U00501,1,1
U00502,2,2
U00503,2,2
U00504,2,2
U00505,1,1
U00506,1,1
U00507,2,2
U00508,1,1
U00509,1,1
U00510,1,1
U00511,1,1
U00512,2,2
U00513,1,1
U00514,2,3
U00515,2,2
U00516,1,1
U00517,1,1
U00518,1,1
U00519,1,1
U00520,1,1
U00521,1,1
U00522,1,1
U00523,1,1
U00524,1,2
U00525,1,1
U00526,1,1
U00527,2,2
U00528,1,1
U00529,2,2
U00530,1,1
U00531,2,2
U00532,1,1
U00533,2,2
U00534,4,4
U00535,2,2
U00536,1,1
U00537,2,2
U00538,1,1
U00539,1,1
U00540,1,1
U00541,3,3
U00542,1,1
U00543,10,13
U00544,1,1
U00545,1,1
U00546,1,1
U00547,1,1
U00548,9,14
U00549,1,1
U00550,2,2
U00551,4,4
U00552,2,2
U00553,2,2
U00554,1,1
U00555,1,1
U00556,9,14
U00557,2,2
U00558,1,1
U00559,9,11
U00560,2,2
U00561,1,1
U00562,10,15
U00563,2,2
U00564,1,1
U00565,2,2
U00566,2,2
U00567,1,1
U00568,1,1
U00569,7,14
U00570,9,14
U00571,2,2
U00572,9,13
U00573,8,11
U00574,9,14
U00575,1,1
U00576,9,13
U00577,1,1
U00578,1,1
U00579,1,1
U00580,3,3
U00581,2,2
U00582,1,1
U00583,1,1
U00584,8,14
U00585,2,2
U00586,1,1
U00587,2,2
U00588,1,1
U00589,1,1
U00590,1,1
U00591,2,2
U00592,8,14
U00593,2,2
U00594,1,1
U00595,9,14
U00596,2,2
U00597,1,1
U00598,1,1
U00599,1,1
U00600,1,1
U00601,1,1
U00602,3,3
U00603,2,2
U00604,9,14
U00605,3,3
U00606,2,2
U00607,2,2
U00608,1,1
U00609,4,4
U00610,1,1
U00611,2,2
U00612,1,1
U00613,2,2
U00614,1,1
U00615,1,1
U00616,2,2
U00617,1,1
U00618,1,1
U00619,9,12
U00620,1,1
U00621,2,2
U00622,8,13
U00623,2,2
U00624,2,2
U00625,3,4
U00626,1,1
U00627,3,4
U00628,2,2
U00629,1,1
U00630,2,3
U00631,2,2
U00632,1,1
U00633,9,14
U00634,2,3
U00635,1,1
U00636,10,13
U00637,2,2
U00638,1,2
U00639,8,14
U00640,1,1
U00641,1,1
U00642,2,2
U00643,1,1
U00644,1,1
U00645,1,1
U00646,1,1
U00647,1,1
U00648,2,2
U00649,1,1
U00650,1,1
U00651,3,4
U00652,2,2
U00653,1,1
U00654,2,2
U00655,1,1
U00656,1,1
U00657,1,1
U00658,1,1
U00659,2,2
U00660,2,2
U00661,3,4
U00662,1,1
U00663,1,1
U00664,1,1
U00665,1,1
U00666,9,12
U00667,2,2
U00668,2,2
U00669,1,1
U00670,2,2
U00671,1,1
U00672,1,1
U00673,2,2
U00674,1,1
U00675,1,1
U00676,2,2
U00677,1,1
U00678,1,1
U00679,1,1
U00680,1,1
U00681,2,2
U00682,1,1
U00683,1,1
U00684,2,3
U00685,1,1
U00686,1,1
U00687,11,15
U00688,1,2
U00689,2,2
U00690,1,1
U00691,1,1
U00692,1,1
U00693,1,1
U00694,1,1
U00695,1,1
U00696,1,1
U00697,1,1
U00698,2,2
U00699,2,2
U00700,1,1
U00701,10,14
U00702,3,3
U00703,3,3
U00704,8,13
U00705,1,1
U00706,2,2
U00707,1,1
U00708,1,1
U00709,10,14
U00710,1,1
U00711,2,2
U00712,2,2
U00713,1,1
U00714,3,3
U00715,1,1
U00716,3,4
U00717,1,1
U00718,2,2
U00719,1,1
U00720,1,1
U00721,1,1
U00722,3,3
U00723,10,14
U00724,9,15
U00725,1,1
U00726,1,1
U00727,3,4
U00728,1,1
U00729,2,2
U00730,2,2
U00731,2,2
U00732,1,1
U00733,1,1
U00734,3,4
U00735,2,2
U00736,1,1
U00737,2,2
U00738,3,3
U00739,1,1
U00740,1,1
U00741,3,4
U00742,1,1
U00743,3,4
U00744,1,1
U00745,2,2
U00746,2,2
U00747,1,1
U00748,2,2
U00749,1,1
U00750,1,1
U00751,1,1
U00752,9,13
U00753,2,2
U00754,1,1
U00755,1,1
U00756,1,1
U00757,1,1
U00758,1,1
U00759,1,1
U00760,9,13
U00761,1,1
U00762,1,1
U00763,1,1
U00764,1,2
U00765,7,11
U00766,2,3
U00767,10,14
U00768,2,2
U00769,1,1
U00770,1,1
U00771,1,1
U00772,9,13
U00773,1,1
U00774,1,1
U00775,8,14
U00776,1,1
U00777,4,4
U00778,2,2
U00779,1,1
U00780,1,1
U00781,1,1
U00782,1,1
U00783,2,2
U00784,2,2
U00785,1,1
U00786,8,13
U00787,6,9
U00788,2,2
U00789,2,2
U00790,2,2
U00791,2,2
U00792,1,1
U00793,3,4
U00794,2,2
U00795,3,3
U00796,2,2
U00797,3,3
U00798,1,1
U00799,2,2
U00800,2,2
U00801,2,2
U00802,2,2
U00803,3,3
U00804,2,2
U00805,1,1
U00806,1,1
U00807,1,1
U00808,1,1
U00809,1,1
U00810,1,1
U00811,2,3
U00812,2,3
U00813,4,4
U00814,1,1
U00815,2,2
U00816,3,3
U00817,1,1
U00818,1,1
U00819,9,14
U00820,3,3
U00821,11,13
U00822,1,1
U00823,1,1
U00824,1,1
U00825,3,3
U00826,1,1
U00827,2,2
U00828,3,3
U00829,8,16
U00830,1,1
U00831,2,2
U00832,1,1
U00833,3,3
U00834,1,1
U00835,1,1
U00836,9,15
U00837,3,4
U00838,8,12
U00839,1,1
U00840,3,3
U00841,1,1
U00842,2,2
U00843,1,1
U00844,1,1
U00845,1,1
U00846,1,1
U00847,1,1
U00848,3,4
U00849,1,2
U00850,9,15
U00851,1,1
U00852,8,13
U00853,2,2
U00854,2,2
U00855,1,1
U00856,1,1
U00857,1,1
U00858,8,15
U00859,1,1
U00860,1,1
U00861,1,1
U00862,1,1
U00863,1,1
U00864,1,1
U00865,1,1
U00866,1,1
U00867,1,1
U00868,1,1
U00869,1,1
U00870,10,15
U00871,2,2
U00872,1,1
U00873,1,1
U00874,10,12
U00875,1,1
U00876,11,14
U00877,1,1
U00878,1,1
U00879,3,3
U00880,1,1
U00881,10,16
U00882,1,1
U00883,3,3
U00884,1,1
U00885,1,1
U00886,2,2
U00887,1,1
U00888,3,4
U00889,1,1
U00890,2,2
U00891,2,2
U00892,4,4
U00893,9,12
U00894,3,3
U00895,3,4
U00896,4,4
U00897,1,1
U00898,8,12
U00899,1,1
U00900,2,2
U00901,1,1
U00902,2,2
U00903,9,13
U00904,1,1
U00905,1,1
U00906,1,1
U00907,8,12
U00908,1,1
U00909,1,1
U00910,3,3
U00911,7,10
U00912,1,1
U00913,1,1
U00914,1,1
U00915,8,13
U00916,1,1
U00917,11,15
U00918,1,1
U00919,8,14
U00920,1,1
U00921,1,1
U00922,2,2
U00923,3,3
U00924,1,1
U00925,2,2
U00926,2,2
U00927,2,2
U00928,9,12
U00929,3,4
U00930,3,3
U00931,1,1
U00932,1,1
U00933,1,1
U00934,1,1
U00935,1,1
U00936,1,1
U00937,1,1
U00938,1,1
U00939,1,1
U00940,1,1
U00941,2,2
U00942,1,1
U00943,2,2
U00944,1,1
U00945,1,1
U00946,1,1
U00947,1,1
U00948,3,3
U00949,3,4
U00950,1,1
U00951,2,2
U00952,2,2
U00953,3,3
U00954,2,2
U00955,2,3
U00956,1,1
U00957,2,3
U00958,1,2
U00959,9,13
U00960,1,1
U00961,9,14
U00962,1,1
U00963,2,2
U00964,1,1
U00965,1,1
U00966,1,1
U00967,8,14
U00968,2,2
U00969,1,1
U00970,1,1
U00971,3,3
U00972,4,4
U00973,1,1
U00974,1,1
U00975,1,1
U00976,9,12
U00977,1,1
U00978,1,1
U00979,3,3
U00980,1,1
U00981,9,13
U00982,1,1
U00983,1,1
U00984,1,1
U00985,1,1
U00986,1,2
U00987,1,1
U00988,1,1
U00989,9,12
U00990,1,1
U00991,1,1
U00992,4,4
U00993,1,1
U00994,1,1
U00995,2,2
U00996,1,1
U00997,8,15
U00998,2,2
U00999,1,1
U01000,7,12
U01001,1,1
U01002,1,1
U01003,1,1
U01004,1,1
U01005,1,1
U01006,2,2
U01007,1,1
U01008,2,2
U01009,1,1
U01010,1,1
U01011,1,1
U01012,1,1
U01013,3,3
U01014,3,3
U01015,9,15
U01016,2,2
U01017,1,2
U01018,1,1
U01019,1,1
U01020,9,12
U01021,2,2
U01022,10,13
U01023,2,2
U01024,2,3
U01025,1,1
U01026,1,1
U01027,2,2
U01028,2,2
U01029,1,1
U01030,1,1
U01031,8,13
U01032,10,14
U01033,7,13
U01034,7,12
U01035,2,3
U01036,1,1
U01037,1,1
U01038,1,1
U01039,1,1
U01040,1,1
U01041,1,1
U01042,1,1
U01043,3,4
U01044,1,1
U01045,2,2
U01046,1,1
U01047,1,1
U01048,1,1
U01049,1,2
U01050,1,1
U01051,2,2
U01052,2,2
U01053,1,1
U01054,2,2
U01055,1,1
U01056,2,2
U01057,1,1
U01058,2,2
U01059,1,1
U01060,1,1
U01061,1,2
U01062,1,1
U01063,1,1
U01064,2,2
U01065,4,4
U01066,7,12
U01067,1,1
U01068,2,2
U01069,1,1
U01070,1,1
U01071,2,2
U01072,1,1
U01073,2,2
U01074,1,1
U01075,2,2
U01076,1,1
U01077,2,2
U01078,2,2
U01079,7,13
U01080,1,1
U01081,1,1
U01082,1,1
U01083,11,15
U01084,8,13
U01085,2,2
U01086,1,1
U01087,1,1
U01088,2,2
U01089,1,1
U01090,2,2
U01091,2,2
U01092,9,15
U01093,1,1
U01094,2,2
U01095,1,1
U01096,7,16
U01097,1,1
U01098,3,4
U01099,1,1
U01100,3,3
U01101,1,1
U01102,2,2
U01103,4,4
U01104,1,1
U01105,1,1
U01106,1,1
U01107,1,1
U01108,4,4
U01109,1,1
U01110,1,2
U01111,1,1
U01112,1,1
U01113,1,1
U01114,1,1
U01115,1,1
U01116,1,1
U01117,1,1
U01118,1,1
U01119,1,1
U01120,1,1
U01121,1,1
U01122,1,2
U01123,10,15
U01124,3,3
U01125,2,2
U01126,2,2
U01127,3,3
U01128,2,2
U01129,1,1
U01130,1,1
U01131,3,3
U01132,3,4
U01133,1,1
U01134,3,3
U01135,1,1
U01136,1,1
U01137,2,2
U01138,1,1
U01139,1,1
U01140,1,1
U01141,1,1
U01142,2,2
U01143,10,14
U01144,2,2
U01145,1,1
U01146,9,13
U01147,1,1
U01148,2,2
U01149,3,4
U01150,1,1
U01151,8,14
U01152,1,1
U01153,1,1
U01154,2,2
U01155,4,4
U01156,2,2
U01157,4,4
U01158,10,12
U01159,1,1
U01160,4,4
U01161,1,1
U01162,1,1
U01163,4,13
U01164,1,1
U01165,2,2
U01166,2,2
U01167,9,11
U01168,1,1
U01169,1,1
U01170,8,14
U01171,1,1
U01172,3,3
U01173,3,3
U01174,1,1
U01175,1,1
U01176,3,3
U01177,9,13
U01178,2,2
U01179,2,2
U01180,10,13
U01181,1,1
U01182,3,3
U01183,2,2
U01184,1,1
U01185,2,2
U01186,1,1
U01187,1,1
U01188,1,1
U01189,1,1
U01190,1,1
U01191,1,1
U01192,1,1
U01193,2,2
U01194,1,1
U01195,1,1
U01196,2,2
U01197,9,14
U01198,1,1
U01199,1,1
U01200,1,1
U01201,1,1
U01202,1,1
U01203,11,16
U01204,2,3
U01205,2,2
U01206,1,1
U01207,1,1
U01208,1,1
U01209,2,2
U01210,1,1
U01211,1,1
U01212,1,1
U01213,1,1
U01214,1,1
U01215,1,1
U01216,1,1
U01217,1,1
U01218,1,1
U01219,1,1
U01220,1,1
U01221,8,13
U01222,2,3
U01223,1,1
U01224,8,11
U01225,2,2
U01226,2,2
U01227,1,1
U01228,3,4
U01229,2,2
U01230,3,3
U01231,9,14
U01232,1,1
U01233,8,11
U01234,1,1
U01235,9,14
U01236,1,1
U01237,8,13
U01238,1,1
U01239,9,12
U01240,1,1
U01241,2,2
U01242,2,2
U01243,2,2
U01244,11,14
U01245,1,1
U01246,2,2
U01247,1,1
U01248,2,2
U01249,9,14
U01250,10,15
U01251,2,2
U01252,1,1
U01253,1,1
U01254,1,1
U01255,4,4
U01256,1,1
U01257,2,2
U01258,4,4
U01259,1,1
U01260,1,1
U01261,10,13
U01262,4,4
U01263,1,1
U01264,1,1
U01265,2,2
U01266,8,14
U01267,11,14
U01268,9,13
U01269,1,1
U01270,2,2
U01271,1,1
U01272,1,1
U01273,1,1
U01274,1,1
U01275,1,1
U01276,2,2
U01277,8,12
U01278,2,2
U01279,3,3
U01280,7,12
U01281,10,13
U01282,3,3
U01283,1,1
U01284,11,15
U01285,2,4
U01286,7,13
U01287,9,12
U01288,2,2
U01289,1,1
U01290,10,14
U01291,1,1
U01292,1,1
U01293,1,1
U01294,1,1
U01295,4,4
U01296,1,1
U01297,1,1
U01298,1,1
U01299,1,1
U01300,1,1
U01301,1,1
U01302,2,2
U01303,2,2
U01304,2,2
U01305,3,3
U01306,1,1
U01307,1,1
U01308,1,1
U01309,2,2
U01310,3,3
U01311,1,1
U01312,1,1
U01313,3,3
U01314,2,2
U01315,9,13
U01316,1,1
U01317,1,1
U01318,11,14
U01319,1,1
U01320,4,4
U01321,8,14
U01322,8,12
U01323,2,2
U01324,1,1
U01325,2,2
U01326,2,2
U01327,1,1
U01328,1,1
U01329,1,1
U01330,2,2
U01331,8,13
U01332,8,12
U01333,1,1
U01334,9,13
U01335,1,1
U01336,9,14
U01337,10,16
U01338,3,3
U01339,2,2
U01340,2,2
U01341,2,3
U01342,2,2
U01343,9,14
U01344,7,14
U01345,1,1
U01346,11,15
U01347,9,13
U01348,2,2
U01349,1,1
U01350,8,13
U01351,2,2
U01352,9,13
U01353,1,1
U01354,2,2
U01355,8,13
U01356,3,3
U01357,1,1
U01358,1,1
U01359,2,2
U01360,1,1
U01361,1,1
U01362,3,3
U01363,2,2
U01364,9,13
U01365,11,14
U01366,1,1
U01367,1,1
U01368,1,1
U01369,1,1
U01370,3,3
U01371,1,1
U01372,1,1
U01373,1,1
U01374,1,1
U01375,9,13
U01376,1,1
U01377,3,4
U01378,2,2
U01379,2,2
U01380,1,1
U01381,1,1
U01382,1,1
U01383,1,1
U01384,3,3
U01385,1,1
U01386,1,1
U01387,1,1
U01388,1,1
U01389,1,1
U01390,2,2
U01391,1,1
U01392,3,3
U01393,1,1
U01394,9,14
U01395,9,14
U01396,3,3
U01397,8,13
U01398,1,1
U01399,8,16
U01400,1,1
U01401,1,1
U01402,4,4
U01403,1,1
U01404,1,1
U01405,9,12
U01406,1,1
U01407,1,1
U01408,2,2
U01409,3,4
U01410,1,1
U01411,9,15
U01412,3,3
U01413,1,1
U01414,11,16
U01415,3,3
U01416,2,2
U01417,1,2
U01418,1,1
U01419,2,2
U01420,3,3
U01421,1,1
U01422,2,2
U01423,1,1
U01424,1,1
U01425,1,1
U01426,1,1
U01427,1,1
U01428,1,1
U01429,10,15
U01430,10,13
U01431,2,2
U01432,8,12
U01433,1,2
U01434,2,2
U01435,10,13
U01436,2,2
U01437,1,1
U01438,3,4
U01439,1,1
U01440,1,2
U01441,1,1
U01442,3,3
U01443,2,2
U01444,2,2
U01445,9,12
U01446,1,1
U01447,1,1
U01448,1,1
U01449,2,2
U01450,8,11
U01451,7,11
U01452,2,2
U01453,2,2
U01454,2,2
U01455,11,14
U01456,1,1
U01457,1,1
U01458,1,1
U01459,1,1
U01460,10,13
U01461,1,1
U01462,1,1
U01463,7,13
U01464,1,1
U01465,2,2
U01466,2,2
U01467,1,1
U01468,2,2
U01469,2,2
U01470,2,2
U01471,1,1
U01472,8,12
U01473,9,15
U01474,1,2
U01475,9,15
U01476,1,1
U01477,1,1
U01478,1,1
U01479,1,1
U01480,1,1
U01481,1,1
U01482,2,2
U01483,1,1
U01484,1,1
U01485,1,1
U01486,1,1
U01487,2,2
U01488,7,12
U01489,1,1
U01490,1,1
U01491,2,3
U01492,4,4
U01493,1,1
U01494,1,1
U01495,1,1
U01496,9,13
U01497,9,13
U01498,1,1
U01499,1,1
U01500,9,13
U01501,1,1
U01502,1,1
U01503,1,1
U01504,1,1
U01505,3,3
U01506,9,15
U01507,3,3
U01508,1,1
U01509,1,1
U01510,2,2
U01511,6,13
U01512,8,12
U01513,1,1
U01514,1,1
U01515,1,1
U01516,1,1
U01517,10,14
U01518,1,1
U01519,2,2
U01520,1,1
U01521,1,1
U01522,8,14
U01523,1,1
U01524,1,1
U01525,2,2
U01526,9,12
U01527,1,1
U01528,10,14
U01529,3,3
U01530,8,15
U01531,8,14
U01532,1,1
U01533,3,3
U01534,1,1
U01535,3,4
U01536,8,12
U01537,3,3
U01538,1,1
U01539,1,1
U01540,1,1
U01541,4,4
U01542,1,1
U01543,10,16
U01544,1,1
U01545,1,1
U01546,1,1
U01547,2,2
U01548,1,1
U01549,1,1
U01550,1,1
U01551,1,1
U01552,1,1
U01553,10,15
U01554,4,4
U01555,1,1
U01556,2,2
U01557,1,1
U01558,1,1
U01559,1,1
U01560,1,1
U01561,1,1
U01562,1,1
U01563,1,1
U01564,1,1
U01565,1,1
U01566,1,1
U01567,1,1
U01568,3,3
U01569,1,1
U01570,2,2
U01571,2,2
U01572,1,1
U01573,2,2
U01574,1,1
U01575,7,13
U01576,2,2
U01577,1,1
U01578,10,15
U01579,1,1
U01580,2,2
U01581,2,2
U01582,1,1
U01583,1,1
U01584,1,1
U01585,6,11
U01586,9,14
U01587,2,2
U01588,1,1
U01589,1,1
U01590,1,1
U01591,2,2
U01592,4,4
U01593,1,1
U01594,1,1
U01595,2,2
U01596,2,2
U01597,1,1
U01598,1,1
U01599,1,1
U01600,1,1
U01601,2,2
U01602,10,13
U01603,2,2
U01604,1,1
U01605,1,1
U01606,1,1
U01607,1,1
U01608,1,1
U01609,1,1
U01610,1,1
U01611,1,1
U01612,1,1
U01613,1,1
U01614,1,1
U01615,1,1
U01616,1,1
U01617,1,1
U01618,8,13
U01619,1,1
U01620,1,1
U01621,2,2
U01622,1,1
U01623,1,1
U01624,4,4
U01625,3,3
U01626,1,1
U01627,9,13
U01628,7,14
U01629,1,1
U01630,1,1
U01631,2,2
U01632,1,1
U01633,1,1
U01634,1,1
U01635,9,14
U01636,1,1
U01637,9,13
U01638,1,1
U01639,1,1
U01640,1,1
U01641,1,1
U01642,1,1
U01643,1,1
U01644,2,3
U01645,3,3
U01646,1,1
U01647,9,13
U01648,3,4
U01649,8,13
U01650,1,1
U01651,1,1
U01652,2,2
U01653,1,1
U01654,9,15
U01655,1,1
U01656,8,12
U01657,1,1
U01658,1,1
U01659,2,3
U01660,1,2
U01661,1,1
U01662,10,15
U01663,2,2
U01664,2,2
U01665,3,4
U01666,9,14
U01667,1,1
U01668,1,1
U01669,2,2
U01670,1,1
U01671,10,15
U01672,1,1
U01673,1,1
U01674,9,14
U01675,1,1
U01676,1,1
U01677,2,2
U01678,1,1
U01679,1,1
U01680,1,1
U01681,1,1
U01682,2,2
U01683,1,1
U01684,2,2
U01685,1,1
U01686,1,1
U01687,1,2
U01688,2,2
U01689,1,1
U01690,4,4
U01691,1,1
U01692,10,12
U01693,2,2
U01694,1,1
U01695,9,13
U01696,2,2
U01697,1,1
U01698,1,1
U01699,1,1
U01700,1,1
U01701,1,1
U01702,8,14
U01703,3,3
U01704,2,2
U01705,1,1
U01706,1,1
U01707,3,3
U01708,9,14
U01709,1,1
U01710,1,1
U01711,1,1
U01712,1,1
U01713,4,4
U01714,1,1
U01715,1,1
U01716,1,1
U01717,1,1
U01718,1,1
U01719,1,1
U01720,8,15
U01721,7,10
U01722,1,1
U01723,1,1
U01724,10,16
U01725,2,2
U01726,9,13
U01727,1,1
U01728,2,2
U01729,10,15
U01730,1,1
U01731,1,1
U01732,2,2
U01733,4,4
U01734,3,3
U01735,1,1
U01736,1,1
U01737,1,1
U01738,1,1
U01739,1,1
U01740,1,1
U01741,2,2
U01742,1,2
U01743,1,1
U01744,4,4
U01745,7,13
U01746,8,14
U01747,4,4
U01748,1,1
U01749,1,1
U01750,4,4
U01751,1,1
U01752,4,4
U01753,1,1
U01754,1,1
U01755,1,1
U01756,2,2
U01757,1,1
U01758,1,1
U01759,1,1
U01760,1,1
U01761,2,2
U01762,11,15
U01763,1,1
U01764,2,2
U01765,1,1
U01766,3,3
U01767,1,1
U01768,2,2
U01769,4,4
U01770,2,2
U01771,3,3
U01772,1,1
U01773,8,16
U01774,1,1
U01775,2,2
U01776,2,2
U01777,1,1
U01778,2,2
U01779,1,1
U01780,1,1
U01781,1,1
U01782,1,1
U01783,3,3
U01784,1,1
U01785,1,1
U01786,8,13
U01787,2,2
U01788,2,2
U01789,8,15
U01790,1,1
U01791,2,2
U01792,1,1
U01793,1,1
U01794,1,1
U01795,9,13
U01796,1,1
U01797,1,1
U01798,1,1
U01799,1,1
U01800,2,2
U01801,1,1
U01802,1,1
U01803,3,3
U01804,2,2
U01805,9,15
U01806,1,1
U01807,2,2
U01808,2,3
U01809,8,13
U01810,8,15
U01811,1,1
U01812,10,15
U01813,1,1
U01814,3,3
U01815,1,1
U01816,2,2
U01817,1,1
U01818,2,2
U01819,1,1
U01820,11,15
U01821,1,1
U01822,9,15
U01823,1,1
U01824,1,1
U01825,9,14
U01826,1,1
U01827,1,1
U01828,1,1
U01829,2,2
U01830,1,1
U01831,1,1
U01832,1,1
U01833,2,2
U01834,1,1
U01835,1,2
U01836,1,1
U01837,1,1
U01838,2,2
U01839,1,1
U01840,10,14
U01841,1,1
U01842,9,13
U01843,1,1
U01844,1,1
U01845,1,1
U01846,2,2
U01847,1,1
U01848,1,1
U01849,1,1
U01850,2,3
U01851,3,4
U01852,4,4
U01853,1,1
U01854,9,13
U01855,1,1
U01856,1,1
U01857,2,2
U01858,1,1
U01859,1,1
U01860,3,3
U01861,1,2
U01862,1,1
U01863,1,1
U01864,1,1
U01865,3,4
U01866,1,1
U01867,8,13
U01868,2,2
U01869,1,1
U01870,1,1
U01871,8,14
U01872,10,14
U01873,1,1
U01874,1,1
U01875,1,1
U01876,7,14
U01877,9,12
U01878,1,1
U01879,8,15
U01880,2,2
U01881,1,1
U01882,2,3
U01883,1,1
U01884,1,1
U01885,1,1
U01886,1,1
U01887,1,1
U01888,1,1
U01889,1,1
U01890,1,1
U01891,1,1
U01892,1,1
U01893,8,12
U01894,1,1
U01895,1,1
U01896,9,12
U01897,1,1
U01898,1,1
U01899,2,2
U01900,7,11
U01901,1,1
U01902,1,1
U01903,9,13
U01904,1,1
U01905,2,2
U01906,10,15
U01907,2,2
U01908,9,12
U01909,3,3
U01910,1,1
U01911,1,1
U01912,1,1
U01913,1,1
U01914,1,1
U01915,2,2
U01916,1,1
U01917,8,15
U01918,8,14
U01919,1,1
U01920,8,13
U01921,2,2
U01922,2,2
U01923,1,1
U01924,2,2
U01925,1,1
U01926,9,13
U01927,1,1
U01928,1,1
U01929,7,14
U01930,1,1
U01931,7,11
U01932,1,1
U01933,2,2
U01934,8,14
U01935,1,1
U01936,2,2
U01937,1,1
U01938,2,2
U01939,4,4
U01940,2,2
U01941,1,1
U01942,1,1
U01943,7,14
U01944,2,2
U01945,1,1
U01946,1,1
U01947,1,1
U01948,1,1
U01949,1,1
U01950,2,2
U01951,2,3
U01952,2,2
U01953,11,15
U01954,1,1
U01955,1,1
U01956,1,1
U01957,1,1
U01958,8,12
U01959,8,12
U01960,1,1
U01961,7,14
U01962,9,11
U01963,1,1
U01964,4,4
U01965,1,1
U01966,4,4
U01967,1,1
U01968,2,2
U01969,1,1
U01970,2,2
U01971,1,1
U01972,1,1
U01973,1,1
U01974,2,2
U01975,1,1
U01976,1,1
U01977,2,2
U01978,1,1
U01979,8,12
U01980,1,1
U01981,1,1
U01982,1,1
U01983,1,1
U01984,1,1
U01985,1,1
U01986,1,1
U01987,10,13
U01988,1,1
U01989,8,13
U01990,2,2
U01991,3,3
U01992,1,2
U01993,8,14
U01994,8,11
U01995,1,1
U01996,1,1
U01997,1,1
U01998,10,15
U01999,1,2
U02000,2,2
U02001,1,1
U02002,1,1
U02003,4,4
U02004,1,1
U02005,1,1
U02006,1,1
U02007,1,1
U02008,1,1
U02009,1,1
U02010,9,14
U02011,1,1
U02012,1,1
U02013,2,2
U02014,3,3
U02015,9,14
U02016,1,1
U02017,2,2
U02018,1,1
U02019,2,3
U02020,1,1
U02021,1,1
U02022,8,11
U02023,2,2
U02024,2,2
U02025,1,1
U02026,1,1
U02027,1,1
U02028,2,2
U02029,1,1
U02030,1,1
U02031,2,2
U02032,2,2
U02033,1,1
U02034,1,1
U02035,9,15
U02036,2,2
U02037,2,2
U02038,9,11
U02039,10,13
U02040,1,1
U02041,3,3
U02042,1,1
U02043,1,1
U02044,2,2
U02045,1,1
U02046,1,1
U02047,1,1
U02048,1,1
U02049,1,1
U02050,3,3
U02051,1,1
U02052,1,2
U02053,1,1
U02054,2,2
U02055,9,14
U02056,1,1
U02057,2,2
U02058,8,13
U02059,1,1
U02060,2,3
U02061,1,1
U02062,1,1
U02063,2,2
U02064,10,15
U02065,2,2
U02066,1,1
U02067,1,1
U02068,7,13
U02069,1,1
U02070,1,1
U02071,8,13
U02072,1,1
U02073,2,2
U02074,9,14
U02075,1,1
U02076,1,1
U02077,10,14
U02078,2,2
U02079,1,1
U02080,2,2
U02081,2,2
U02082,1,1
U02083,2,2
U02084,3,3
U02085,1,1
U02086,2,2
U02087,1,1
U02088,1,1
U02089,1,1
U02090,1,1
U02091,3,3
U02092,1,1
U02093,2,2
U02094,9,11
U02095,1,1
U02096,9,13
U02097,2,2
U02098,8,13
U02099,1,1
U02100,1,1
U02101,1,1
U02102,3,3
U02103,2,3
U02104,1,1
U02105,1,1
U02106,1,1
U02107,2,2
U02108,1,1
U02109,1,1
U02110,1,1
U02111,1,1
U02112,2,2
U02113,1,2
U02114,1,1
U02115,1,1
U02116,1,1
U02117,1,1
U02118,1,1
U02119,1,1
U02120,2,2
U02121,1,1
U02122,2,2
U02123,2,2
U02124,1,1
U02125,10,13
U02126,1,1
U02127,2,2
U02128,1,1
U02129,2,2
U02130,1,1
U02131,1,1
U02132,2,2
U02133,2,2
U02134,1,1
U02135,1,1
U02136,1,1
U02137,1,1
U02138,2,2
U02139,1,1
U02140,1,1
U02141,2,2
U02142,4,4
U02143,3,3
U02144,9,14
U02145,1,1
U02146,1,1
U02147,11,15
U02148,1,1
U02149,8,15
U02150,1,1
U02151,8,13
U02152,9,13
U02153,9,13
U02154,3,3
U02155,10,14
U02156,1,1
U02157,3,3
U02158,4,4
U02159,2,2
U02160,1,1
U02161,7,14
U02162,1,1
U02163,1,1
U02164,1,1
U02165,1,1
U02166,1,1
U02167,3,3
U02168,1,1
U02169,1,1
U02170,1,1
U02171,2,2
U02172,1,1
U02173,1,1
U02174,8,14
U02175,2,2
U02176,1,1
U02177,1,1
U02178,1,1
U02179,2,2
U02180,4,4
U02181,2,2
U02182,2,2
U02183,1,1
U02184,2,2
U02185,2,2
U02186,4,4
U02187,2,2
U02188,1,1
U02189,1,1
U02190,3,4
U02191,2,4
U02192,2,2
U02193,2,2
U02194,2,2
U02195,1,1
U02196,1,1
U02197,2,2
U02198,1,2
U02199,6,12
U02200,2,2
U02201,1,1
U02202,1,1
U02203,1,1
U02204,1,1
U02205,1,1
U02206,2,3
U02207,1,1
U02208,2,2
U02209,1,1
U02210,1,1
U02211,1,1
U02212,10,15
U02213,1,1
U02214,4,4
U02215,10,11
U02216,2,2
U02217,9,14
U02218,1,1
U02219,1,1
U02220,1,1
U02221,1,1
U02222,1,1
U02223,1,1
U02224,9,13
U02225,2,2
U02226,2,2
U02227,1,1
U02228,2,2
U02229,2,2
U02230,1,1
U02231,10,13
U02232,1,1
U02233,2,2
U02234,1,1
U02235,2,2
U02236,1,1
U02237,1,1
U02238,1,1
U02239,1,1
U02240,1,1
U02241,2,2
U02242,1,1
U02243,1,1
U02244,1,1
U02245,1,1
U02246,1,1
U02247,1,1
U02248,10,14
U02249,2,2
U02250,8,13
U02251,1,1
U02252,2,2
U02253,1,1
U02254,11,15
U02255,1,2
U02256,1,1
U02257,1,1
U02258,10,16
U02259,2,2
U02260,1,1
U02261,1,1
U02262,3,3
U02263,1,1
U02264,2,2
U02265,2,2
U02266,1,1
U02267,1,1
U02268,2,2
U02269,1,1
U02270,3,3
U02271,2,2
U02272,1,1
U02273,1,1
U02274,2,2
U02275,2,2
U02276,1,1
U02277,1,1
U02278,1,1
U02279,1,1
U02280,2,2
U02281,1,1
U02282,1,1
U02283,1,1
U02284,8,13
U02285,2,2
U02286,1,1
U02287,1,1
U02288,10,15
U02289,1,1
U02290,10,15
U02291,2,2
U02292,1,1
U02293,1,1
U02294,1,1
U02295,1,1
U02296,1,1
U02297,1,1
U02298,1,1
U02299,2,2
U02300,9,15
U02301,8,13
U02302,2,2
U02303,1,1
U02304,1,1
U02305,1,1
U02306,9,13
U02307,1,1
U02308,1,1
U02309,2,3
U02310,1,1
U02311,2,3
U02312,1,1
U02313,1,1
U02314,1,1
U02315,8,14
U02316,2,2
U02317,2,2
U02318,1,1
U02319,1,1
U02320,3,3
U02321,2,2
U02322,1,1
U02323,1,1
U02324,3,3
U02325,1,1
U02326,1,2
U02327,1,1
U02328,3,3
U02329,1,1
U02330,1,1
U02331,2,2
U02332,2,2
U02333,3,3
U02334,2,2
U02335,1,1
U02336,9,14
U02337,6,13
U02338,1,1
U02339,1,1
U02340,2,2
U02341,9,13
U02342,2,2
U02343,3,4
U02344,9,14
U02345,8,13
U02346,1,1
U02347,1,1
U02348,1,1
U02349,9,14
U02350,2,2
U02351,2,2
U02352,2,3
U02353,1,1
U02354,1,1
U02355,1,1
U02356,1,1
U02357,2,2
U02358,4,4
U02359,2,2
U02360,1,1
U02361,2,2
U02362,1,1
U02363,1,1
U02364,1,1
U02365,1,1
U02366,1,1
U02367,1,1
U02368,4,4
U02369,2,2
U02370,11,14
U02371,8,12
U02372,3,3
U02373,2,2
U02374,2,3
U02375,1,1
U02376,1,1
U02377,2,2
U02378,1,1
U02379,2,2
U02380,3,3
U02381,1,1
U02382,1,1
U02383,1,1
U02384,3,3
U02385,1,1
U02386,4,4
U02387,1,1
U02388,1,1
U02389,2,2
U02390,1,2
U02391,1,1
U02392,2,2
U02393,1,1
U02394,1,1
U02395,3,3
U02396,1,1
U02397,1,1
U02398,2,2
U02399,1,1
U02400,1,1
U02401,1,1
U02402,1,1
U02403,1,1
U02404,2,2
U02405,1,1
U02406,2,2
U02407,2,2
U02408,1,1
U02409,1,1
U02410,10,12
U02411,1,1
U02412,1,1
U02413,2,2
U02414,2,3
U02415,7,11
U02416,1,1
U02417,1,1
U02418,1,1
U02419,1,1
U02420,1,1
U02421,1,1
U02422,1,1
U02423,2,2
U02424,1,1
U02425,2,2
U02426,1,1
U02427,9,15
U02428,2,2
U02429,2,3
U02430,1,1
U02431,1,1
U02432,10,15
U02433,1,1
U02434,1,1
U02435,1,1
U02436,3,3
U02437,1,1
U02438,1,1
U02439,1,1
U02440,1,1
U02441,1,1
U02442,1,1
U02443,1,2
U02444,1,1
U02445,10,14
U02446,2,2
U02447,1,1
U02448,2,2
U02449,1,1
U02450,1,1
U02451,2,2
U02452,2,2
U02453,1,1
U02454,2,2
U02455,1,1
U02456,1,1
U02457,1,1
U02458,2,2
U02459,9,12
U02460,1,1
U02461,2,2
U02462,1,1
U02463,1,1
U02464,1,1
U02465,2,2
U02466,4,4
U02467,1,1
U02468,3,3
U02469,2,2
U02470,7,13
U02471,1,1
U02472,1,1
U02473,1,1
U02474,1,1
U02475,1,1
U02476,1,1
U02477,1,1
U02478,2,2
U02479,4,4
U02480,1,1
U02481,1,1
U02482,2,2
U02483,1,1
U02484,4,4
U02485,8,14
U02486,1,2
U02487,1,1
U02488,1,1
U02489,1,1
U02490,8,13
U02491,1,1
U02492,1,1
U02493,1,1
U02494,1,1
U02495,2,2
U02496,1,1
U02497,2,2
U02498,1,1
U02499,1,1
U02500,1,1
U02501,1,1
U02502,1,1
U02503,2,2
U02504,3,4
U02505,1,1
U02506,1,1
U02507,1,1
U02508,1,1
U02509,3,3
U02510,2,2
U02511,1,1
U02512,8,14
U02513,1,1
U02514,2,2
U02515,8,11
U02516,1,1
U02517,2,2
U02518,1,1
U02519,2,2
U02520,1,1
U02521,4,4
U02522,1,1
U02523,1,1
U02524,1,1
U02525,1,1
U02526,2,2
U02527,1,1
U02528,1,1
U02529,3,3
U02530,1,1
U02531,3,4
U02532,1,1
U02533,1,1
U02534,2,2
U02535,2,2
U02536,1,2
U02537,8,12
U02538,1,1
U02539,1,2
U02540,11,15
U02541,8,13
U02542,7,13
U02543,1,1
U02544,1,1
U02545,1,2
U02546,1,1
U02547,1,1
U02548,2,2
U02549,1,1
U02550,1,1
U02551,1,1
U02552,1,1
U02553,2,2
U02554,1,1
U02555,1,1
U02556,1,1
U02557,1,1
U02558,4,4
U02559,1,1
U02560,1,1
U02561,1,1
U02562,4,4
U02563,1,1
U02564,8,13
U02565,1,1
U02566,10,14
U02567,1,1
U02568,2,2
U02569,1,1
U02570,1,1
U02571,1,1
U02572,1,1
U02573,1,1
U02574,1,1
U02575,2,2
U02576,1,1
U02577,2,2
U02578,1,1
U02579,1,1
U02580,1,1
U02581,2,2
U02582,10,15
U02583,10,14
U02584,2,2
U02585,2,2
U02586,1,1
U02587,2,2
U02588,1,1
U02589,1,1
U02590,2,2
U02591,1,1
U02592,2,2
U02593,10,12
U02594,1,1
U02595,1,1
U02596,1,1
U02597,2,2
U02598,1,1
U02599,2,2
U02600,3,3
U02601,4,4
U02602,9,13
U02603,1,1
U02604,1,1
U02605,7,12
U02606,1,1
U02607,1,1
U02608,1,1
U02609,2,2
U02610,1,1
U02611,1,1
U02612,10,14
U02613,2,2
U02614,10,13
U02615,2,2
U02616,8,13
U02617,4,4
U02618,2,3
U02619,1,1
U02620,2,2
U02621,1,1
U02622,1,1
U02623,7,11
U02624,3,3
U02625,2,2
U02626,3,3
U02627,1,1
U02628,1,1
U02629,1,1
U02630,9,12
U02631,1,1
U02632,1,1
U02633,8,14
U02634,1,1
U02635,1,1
U02636,1,1
U02637,2,2
U02638,1,1
U02639,1,1
U02640,3,3
U02641,1,1
U02642,1,1
U02643,10,15
U02644,3,4
U02645,8,10
U02646,2,2
U02647,1,1
U02648,1,1
U02649,1,1
U02650,2,2
U02651,9,16
U02652,1,1
U02653,1,1
U02654,1,1
U02655,1,1
U02656,1,1
U02657,1,1
U02658,3,3
U02659,2,2
U02660,1,1
U02661,1,1
U02662,2,2
U02663,8,14
U02664,1,1
U02665,1,1
U02666,1,1
U02667,1,1
U02668,3,3
U02669,2,2
U02670,1,1
U02671,1,1
U02672,9,14
U02673,1,1
U02674,1,1
U02675,3,4
U02676,1,1
U02677,3,3
U02678,1,1
U02679,8,11
U02680,1,1
U02681,1,1
U02682,1,1
U02683,10,15
U02684,9,14
U02685,1,1
U02686,3,4
U02687,1,1
U02688,1,1
U02689,1,1
U02690,2,4
U02691,1,1
U02692,2,3
U02693,1,1
U02694,2,2
U02695,1,1
U02696,2,2
U02697,4,4
U02698,8,12
U02699,1,1
U02700,1,1
U02701,4,4
U02702,2,2
U02703,1,1
U02704,1,1
U02705,2,2
U02706,1,1
U02707,1,1
U02708,1,1
U02709,9,12
U02710,1,1
U02711,2,2
U02712,1,2
U02713,1,1
U02714,1,1
U02715,2,2
U02716,2,2
U02717,1,1
U02718,1,1
U02719,1,1
U02720,1,1
U02721,1,1
U02722,1,1
U02723,1,1
U02724,1,1
U02725,1,1
U02726,3,4
U02727,2,2
U02728,1,1
U02729,1,1
U02730,1,1
U02731,1,1
U02732,1,1
U02733,9,14
U02734,1,1
U02735,1,1
U02736,1,1
U02737,1,1
U02738,1,1
U02739,1,1
U02740,1,1
U02741,1,1
U02742,2,2
U02743,8,14
U02744,1,1
U02745,1,1
U02746,2,3
U02747,3,3
U02748,2,2
U02749,2,2
U02750,2,2
U02751,1,1
U02752,1,1
U02753,1,1
U02754,9,13
U02755,1,1
U02756,2,2
U02757,1,1
U02758,1,2
U02759,2,2
U02760,3,3
U02761,3,4
U02762,2,2
U02763,3,3
U02764,1,1
U02765,1,1
U02766,1,1
U02767,9,14
U02768,2,2
U02769,1,3
U02770,8,14
U02771,1,1
U02772,1,1
U02773,1,1
U02774,1,1
U02775,10,12
U02776,2,2
U02777,1,1
U02778,3,3
U02779,3,3
U02780,2,2
U02781,3,3
U02782,1,1
U02783,1,1
U02784,2,2
U02785,1,1
U02786,9,12
U02787,1,1
U02788,9,12
U02789,4,4
U02790,1,1
U02791,10,13
U02792,9,14
U02793,10,14
U02794,2,2
U02795,1,1
U02796,1,1
U02797,1,1
U02798,1,1
U02799,1,1
U02800,1,1
U02801,3,3
U02802,1,1
U02803,2,2
U02804,1,1
U02805,1,1
U02806,1,1
U02807,3,4
U02808,1,2
U02809,2,2
U02810,1,1
U02811,1,1
U02812,1,1
U02813,1,1
U02814,2,2
U02815,3,4
U02816,1,1
U02817,1,1
U02818,1,1
U02819,2,2
U02820,1,1
U02821,7,11
U02822,1,1
U02823,2,2
U02824,1,1
U02825,8,13
U02826,1,1
U02827,1,1
U02828,2,2
U02829,1,1
U02830,1,1
U02831,1,1
U02832,5,11
U02833,2,2
U02834,1,1
U02835,1,1
U02836,1,1
U02837,2,2
U02838,2,2
U02839,4,4
U02840,1,1
U02841,1,1
U02842,2,2
U02843,9,14
U02844,7,12
U02845,1,1
U02846,1,1
U02847,1,1
U02848,1,1
U02849,1,1
U02850,10,13
U02851,1,1
U02852,1,1
U02853,1,1
U02854,1,1
U02855,1,1
U02856,1,1
U02857,7,12
U02858,4,4
U02859,2,2
U02860,1,1
U02861,1,1
U02862,2,2
U02863,1,1
U02864,1,1
U02865,1,1
U02866,2,2
U02867,2,2
U02868,2,2
U02869,1,1
U02870,1,1
U02871,1,1
U02872,2,2
U02873,3,3
U02874,7,11
U02875,1,1
U02876,1,1
U02877,1,1
U02878,2,2
U02879,1,1
U02880,1,1
U02881,3,4
U02882,1,1
U02883,7,12
U02884,3,3
U02885,3,3
U02886,3,3
U02887,4,4
U02888,1,1
U02889,1,1
U02890,2,2
U02891,2,3
U02892,1,1
U02893,1,1
U02894,1,1
U02895,2,2
U02896,1,1
U02897,1,1
U02898,3,4
U02899,8,13
U02900,1,1
U02901,1,1
U02902,2,2
U02903,1,1
U02904,1,1
U02905,2,2
U02906,2,3
U02907,2,2
U02908,1,1
U02909,9,14
U02910,1,1
U02911,1,1
U02912,2,2
U02913,1,1
U02914,2,2
U02915,9,14
U02916,10,15
U02917,1,1
U02918,2,2
U02919,1,1
U02920,1,1
U02921,1,1
U02922,1,1
U02923,2,3
U02924,1,1
U02925,4,4
U02926,1,1
U02927,10,15
U02928,1,1
U02929,1,1
U02930,1,1
U02931,8,15
U02932,1,1
U02933,1,1
U02934,1,1
U02935,2,2
U02936,2,2
U02937,8,13
U02938,1,1
U02939,1,1
U02940,3,3
U02941,8,12
U02942,3,3
U02943,1,1
U02944,1,1
U02945,8,12
U02946,1,1
U02947,9,11
U02948,1,1
U02949,2,2
U02950,3,4
U02951,1,1
U02952,2,2
U02953,1,1
U02954,2,2
U02955,1,1
U02956,2,2
U02957,1,1
U02958,7,12
U02959,2,2
U02960,1,1
U02961,1,1
U02962,1,1
U02963,1,1
U02964,1,1
U02965,1,1
U02966,4,4
U02967,1,1
U02968,2,2
U02969,10,13
U02970,2,2
U02971,9,13
U02972,1,2
U02973,1,1
U02974,9,14
U02975,1,1
U02976,9,16
U02977,1,1
U02978,4,4
U02979,1,1
U02980,8,12
U02981,9,14
U02982,1,1
U02983,1,1
U02984,9,14
U02985,1,1
U02986,2,2
U02987,1,1
U02988,1,1
U02989,8,11
U02990,2,2
U02991,1,1
U02992,8,12
U02993,1,1
U02994,9,14
U02995,1,1
U02996,1,1
U02997,1,1
U02998,1,1
U02999,1,1
U03000,1,1
